,wage,hours,IQ,KWW,educ,exper,tenure,age,married,black,south,urban,sibs,brthord,meduc,feduc,lwage
1,769,40,93,35,12,11,2,31,1,0,0,1,1,2,8,8,6.645091057
2,808,50,119,41,18,11,16,37,1,0,0,1,1,NA,14,14,6.694561958
3,825,40,108,46,14,11,9,33,1,0,0,1,1,2,14,14,6.71538353
4,650,40,96,32,12,13,7,32,1,0,0,1,4,3,12,12,6.47697258
5,562,40,74,27,11,14,5,34,1,0,0,1,10,6,6,11,6.331501961
7,600,40,91,24,10,13,0,30,0,0,0,1,1,2,8,8,6.396929741
9,1154,45,111,37,15,13,1,36,1,0,0,0,2,3,14,5,7.050989628
10,1000,40,95,44,12,16,16,36,1,0,0,1,1,1,12,11,6.907755375
11,930,43,132,44,18,8,13,38,1,0,0,0,1,1,13,14,6.835184574
13,900,45,125,40,15,4,3,30,0,0,0,0,2,NA,12,12,6.802394867
14,1318,38,119,24,16,7,2,28,1,0,0,1,3,1,10,10,7.183870792
15,1792,40,118,47,16,9,9,34,1,0,0,1,1,1,12,12,7.491087437
16,958,50,105,37,10,17,2,35,1,0,0,1,1,2,6,8,6.86484766
17,1360,45,109,39,15,6,9,36,1,0,0,1,3,3,12,10,7.215240002
18,850,40,72,36,11,19,10,38,1,0,0,1,2,3,10,8,6.745236397
22,1615,50,113,49,16,10,4,36,1,0,0,1,2,1,12,12,7.387090206
23,873,65,95,36,12,14,3,38,1,0,0,1,5,1,10,10,6.771935463
24,2137,45,145,50,16,17,8,38,1,0,0,1,2,1,12,12,7.667158127
25,1053,38,114,35,16,12,7,32,1,0,0,1,0,1,11,11,6.959398746
26,1602,60,124,32,16,8,9,29,1,0,0,1,3,1,16,16,7.379008293
27,1188,40,93,40,13,16,5,35,1,0,0,1,2,1,12,8,7.080026627
28,800,40,115,39,18,11,1,35,1,0,1,1,0,1,8,8,6.684611797
29,1417,48,125,41,17,9,4,34,1,0,0,1,3,1,13,12,7.256297112
30,635,40,128,35,18,8,13,36,0,0,0,1,2,1,16,16,6.453625202
32,1424,50,98,41,14,15,4,35,1,0,0,1,1,1,12,12,7.261225224
33,2668,75,108,41,13,12,2,32,1,0,1,1,1,2,12,12,7.889084339
34,666,75,129,40,18,8,12,38,1,0,0,0,2,1,18,18,6.501289845
35,1779,40,132,42,17,8,9,32,1,0,0,1,1,1,17,14,7.48380661
37,1572,35,108,39,14,7,5,28,1,1,0,1,1,NA,12,8,7.360104084
38,1274,40,106,35,13,11,12,31,1,0,0,1,0,1,15,12,7.149916649
39,714,35,105,37,16,9,2,29,1,0,0,1,1,2,13,12,6.570882797
40,1081,40,123,46,18,11,7,36,1,0,0,0,1,1,12,12,6.985641956
41,692,40,108,48,12,21,11,38,1,0,0,1,3,1,8,7,6.539586067
42,1318,38,122,47,17,10,9,33,1,0,0,1,1,NA,12,8,7.183870792
44,1027,27,100,40,13,12,15,38,1,0,0,1,3,3,10,9,6.934397221
45,1748,55,125,50,18,12,12,34,1,0,0,1,1,2,14,15,7.466227531
47,770,40,105,34,17,7,11,30,1,0,0,1,3,1,12,12,6.646390438
48,1154,50,94,37,16,11,5,33,1,0,0,1,1,NA,12,12,7.050989628
50,808,60,109,47,13,14,12,38,1,0,0,1,2,2,12,10,6.694561958
51,1100,40,105,45,12,22,14,38,1,0,0,1,1,1,12,12,7.003065586
52,1154,40,134,46,18,10,10,37,1,0,1,1,2,1,12,12,7.050989628
53,1749,40,108,32,12,13,9,29,0,0,0,1,7,1,12,9,7.466799259
54,1000,50,104,36,16,11,8,30,1,0,0,1,1,1,12,11,6.907755375
56,769,55,120,49,18,8,12,32,0,0,0,1,1,1,11,8,6.645091057
57,875,50,124,40,16,9,3,31,0,0,0,0,2,2,17,16,6.774223804
58,1375,40,103,34,12,12,7,29,1,0,0,1,4,2,12,10,7.226209164
59,1452,45,115,45,17,1,7,30,1,0,0,1,3,1,12,14,7.280697346
60,800,40,96,33,12,17,12,35,1,0,0,1,1,2,6,8,6.684611797
61,1748,55,123,48,17,10,7,36,1,0,0,1,1,1,12,12,7.466227531
62,1151,40,98,34,12,12,12,29,1,0,0,1,3,4,12,8,7.048386574
63,840,50,96,34,12,18,13,35,1,0,0,1,2,1,12,8,6.733401775
66,619,42,93,20,12,10,10,28,0,0,0,1,8,NA,9,11,6.428105354
67,442,60,82,32,12,12,0,33,1,0,0,1,2,3,12,9,6.091310024
70,1643,48,117,48,18,8,2,33,1,0,0,1,2,2,12,18,7.404279232
71,1455,40,109,44,16,8,13,36,1,0,0,1,1,2,8,8,7.282761097
72,2310,40,114,55,18,12,7,38,1,0,0,1,2,NA,12,16,7.745002747
73,1682,45,126,40,16,10,11,31,1,0,0,1,1,1,12,16,7.427738667
74,1235,40,82,45,12,10,2,33,1,0,0,1,1,1,11,11,7.118826389
75,855,45,119,45,16,11,4,32,1,0,0,1,3,1,12,9,6.751101494
76,1072,42,104,37,16,6,8,35,1,0,0,1,2,2,12,6,6.97728157
78,1000,50,97,45,12,17,15,36,1,0,0,1,1,2,12,12,6.907755375
79,675,40,105,27,15,8,2,31,1,0,0,0,3,NA,14,12,6.514712811
80,1100,37,100,32,12,14,1,30,1,0,0,1,1,2,7,7,7.003065586
81,996,50,114,41,12,5,14,31,1,0,0,1,2,1,12,10,6.903747082
83,1200,40,96,48,11,15,3,37,1,0,0,1,4,3,8,8,7.090076923
84,1694,30,113,30,15,9,8,29,0,0,0,1,3,1,12,16,7.434847832
85,686,55,106,38,10,15,3,36,1,0,1,1,4,5,14,10,6.53087759
88,832,50,104,30,13,4,2,30,1,0,0,1,1,2,12,8,6.723832607
89,579,44,122,36,13,8,1,30,1,0,0,0,4,1,16,16,6.361302376
90,672,61,96,38,12,13,3,34,1,0,0,1,2,NA,12,13,6.510258198
91,2500,40,95,51,15,12,9,36,1,0,0,1,3,1,16,16,7.824046135
92,1076,45,105,24,12,5,8,31,0,0,0,1,1,1,16,17,6.981005669
93,750,40,94,18,12,16,3,37,1,1,0,1,7,3,8,8,6.620073318
94,1186,30,91,41,17,8,9,33,1,0,0,1,1,1,12,14,7.078341484
95,833,48,96,37,16,9,7,31,1,0,0,1,4,4,12,14,6.72503376
96,650,40,69,37,12,14,11,30,1,1,0,1,3,4,10,9,6.47697258
98,1122,48,111,44,15,12,9,31,1,0,0,1,3,1,9,12,7.022868156
99,865,40,110,35,16,1,11,31,1,0,0,1,3,1,9,12,6.762729645
100,808,40,97,37,16,10,7,29,1,0,0,1,3,3,9,12,6.694561958
101,1299,60,125,44,18,6,12,35,0,0,0,1,1,2,8,8,7.169350147
102,903,40,91,39,12,6,12,36,1,0,0,1,5,4,9,10,6.805722713
103,900,40,86,28,12,17,15,37,1,0,0,1,5,3,8,10,6.802394867
104,625,40,110,32,12,18,0,35,1,0,0,1,4,1,9,8,6.43775177
106,962,40,85,41,10,15,16,38,1,0,0,1,1,2,9,12,6.869014263
107,1539,45,120,36,17,7,8,34,1,0,0,1,1,1,8,8,7.338888168
108,1110,52,106,42,12,11,6,33,1,0,0,0,5,2,12,12,7.012115479
109,1282,45,112,41,16,6,6,31,0,0,1,1,2,2,12,12,7.156176567
110,770,48,91,39,12,13,2,38,1,0,0,1,1,2,10,8,6.646390438
111,1000,45,90,42,12,16,0,38,1,0,0,1,6,3,10,12,6.907755375
114,750,40,113,27,12,11,10,29,1,0,0,0,1,NA,12,12,6.620073318
115,654,50,111,51,13,5,16,38,1,0,0,1,3,3,12,9,6.483107567
116,601,48,111,30,12,15,3,33,1,0,0,1,0,1,12,12,6.398594856
117,600,40,106,32,13,10,11,28,1,0,0,1,6,NA,8,7,6.396929741
118,433,40,98,28,12,11,10,30,0,0,0,1,1,1,12,11,6.070737839
119,1188,40,105,28,12,11,7,30,1,0,0,1,3,1,12,10,7.080026627
121,1225,40,118,44,13,9,14,32,1,0,0,1,0,1,12,9,7.110696316
122,1151,45,90,38,12,19,19,36,1,0,0,1,1,1,12,8,7.048386574
123,865,40,95,34,12,15,11,32,0,0,0,1,3,1,9,8,6.762729645
124,1031,40,112,24,14,9,5,29,1,0,0,1,4,2,12,12,6.938284397
125,1049,55,120,39,12,9,11,32,1,0,0,1,3,2,12,10,6.955592632
126,1000,45,123,41,12,12,1,29,1,0,0,1,3,3,12,10,6.907755375
127,1105,40,103,32,13,10,11,30,1,0,0,1,1,1,16,15,7.007600784
128,1924,50,121,40,18,11,7,35,1,0,0,1,3,1,16,18,7.562161446
129,1346,40,90,44,16,9,16,38,1,0,0,1,1,1,12,12,7.204892635
130,809,65,125,32,12,11,10,29,1,0,0,1,0,1,12,12,6.695798874
131,1495,45,109,34,18,10,3,32,1,0,0,1,3,1,9,8,7.309881687
132,1346,50,128,46,16,10,1,33,0,0,0,0,3,1,10,9,7.204892635
133,1200,40,97,35,12,10,4,31,1,0,0,1,3,1,12,12,7.090076923
134,500,40,96,35,12,6,0,33,1,0,1,1,4,4,12,12,6.214608192
135,1325,45,97,44,12,12,5,28,1,0,0,1,1,2,12,8,7.189167976
136,900,40,78,21,12,16,5,33,1,1,0,1,4,1,7,6,6.802394867
138,800,40,88,32,12,16,7,38,1,0,0,1,3,2,2,5,6.684611797
139,1034,40,97,39,12,15,16,36,1,0,0,1,14,10,14,11,6.941190243
140,980,40,101,41,12,4,12,36,1,0,0,1,1,NA,6,9,6.887552738
141,884,40,106,42,10,19,12,34,1,0,0,1,2,1,7,10,6.784457207
142,480,40,59,28,10,11,5,34,0,0,0,1,0,1,8,6,6.173786163
143,923,40,105,54,18,7,14,34,1,0,0,1,1,1,12,12,6.827629089
144,513,45,119,30,17,8,5,31,0,0,0,1,1,1,12,8,6.24027586
145,1105,40,93,36,11,17,16,37,0,0,0,1,2,2,8,8,7.007600784
147,2771,50,134,45,18,6,7,34,1,0,0,1,4,3,16,16,7.926963329
148,779,40,84,29,12,9,6,30,1,0,0,1,0,1,8,12,6.65801096
149,950,60,98,36,11,13,6,31,1,0,0,1,2,1,12,12,6.856462002
150,1394,40,118,41,16,11,8,30,1,0,0,0,2,1,13,12,7.239932537
151,1495,45,113,50,17,13,9,33,1,0,0,1,3,3,12,8,7.309881687
152,650,40,100,18,12,4,3,28,1,0,0,1,6,2,9,11,6.47697258
153,670,40,93,27,13,9,5,29,1,0,0,1,2,NA,12,12,6.507277489
154,1126,40,119,30,16,5,8,32,1,0,0,1,1,1,12,10,7.026426792
155,450,64,67,19,12,11,1,33,0,1,0,1,6,1,11,4,6.109247684
157,2404,50,106,38,15,8,0,32,1,0,0,1,2,1,12,12,7.784889221
159,757,40,113,35,16,10,9,33,1,0,0,1,2,1,12,12,6.62936306
160,1250,40,115,36,14,9,1,29,1,0,0,1,2,2,12,12,7.130898952
162,1025,40,85,29,15,9,13,29,1,1,0,1,6,1,14,12,6.93244791
163,1100,50,117,51,16,11,12,32,1,0,0,0,0,1,12,10,7.003065586
164,714,35,125,34,16,7,5,28,1,0,0,1,4,1,10,10,6.570882797
165,1318,35,118,47,16,16,17,37,1,0,0,0,1,1,8,12,7.183870792
166,1411,45,121,40,18,14,3,38,1,0,0,1,3,2,12,16,7.252053738
167,2162,40,115,51,17,4,4,38,1,0,0,1,1,1,12,12,7.678789139
169,1140,48,109,43,12,16,15,35,1,0,0,1,2,2,11,6,7.03878355
170,578,40,109,28,13,7,4,30,0,0,0,1,1,NA,12,11,6.359573841
173,750,40,106,32,14,9,9,29,1,0,0,1,1,2,11,10,6.620073318
174,1000,60,101,30,12,11,6,30,1,0,0,1,3,1,10,10,6.907755375
175,951,60,116,40,12,9,7,30,1,0,0,1,4,5,12,9,6.857513905
176,635,47,91,24,12,13,2,31,1,0,0,1,2,2,7,7,6.453625202
177,1250,40,91,28,12,13,1,34,1,0,0,1,3,1,11,5,7.130898952
179,400,40,75,33,12,11,6,32,1,0,0,1,4,NA,7,12,5.991464615
180,577,50,94,17,12,9,8,29,1,0,0,1,2,NA,12,8,6.357842445
181,590,40,109,27,13,10,7,29,1,0,0,0,2,2,12,12,6.380122662
182,923,50,122,38,16,10,10,31,1,0,0,0,1,2,8,8,6.827629089
183,1250,50,102,26,12,6,2,32,0,0,0,1,4,2,11,8,7.130898952
184,1100,40,122,38,14,11,8,33,1,0,0,1,2,3,8,10,7.003065586
185,1130,50,105,38,12,18,2,37,1,0,0,1,4,2,10,10,7.02997303
186,652,50,113,37,12,14,4,36,0,0,0,1,1,2,9,9,6.480044365
187,618,42,104,34,12,6,2,30,1,0,0,1,3,2,8,12,6.4264884
188,962,50,124,43,16,7,14,34,1,0,0,1,2,2,9,11,6.869014263
189,529,40,110,31,13,14,11,32,1,0,0,0,1,1,12,8,6.270988464
190,817,40,95,37,12,16,14,33,1,0,0,0,2,1,12,12,6.705638885
192,840,40,105,39,12,19,15,38,1,0,0,0,3,1,12,8,6.733401775
193,866,40,121,30,16,7,4,28,1,0,0,0,1,NA,12,12,6.763885021
194,2404,50,96,42,14,1,1,36,1,0,0,1,5,5,8,10,7.784889221
195,1126,40,110,26,12,16,2,32,1,0,0,1,6,1,9,12,7.026426792
196,1160,40,92,32,12,8,8,31,1,0,0,0,4,1,12,11,7.056175232
198,1778,40,109,43,16,14,13,36,1,0,0,1,0,1,11,12,7.483244419
199,1903,48,118,44,18,13,5,36,1,0,0,0,0,1,11,11,7.551187038
201,971,40,95,42,17,5,11,37,1,0,0,1,1,2,16,8,6.878326416
202,525,40,99,40,12,9,2,34,1,0,0,1,2,1,10,8,6.26339817
203,525,40,106,31,12,12,13,30,1,0,0,0,1,1,10,12,6.26339817
205,500,45,90,47,12,19,4,37,1,0,0,0,0,1,12,6,6.214608192
207,550,46,95,44,12,18,15,35,1,0,0,1,1,1,12,11,6.309918404
208,500,45,115,43,12,14,1,32,1,0,0,1,1,2,12,11,6.214608192
209,727,55,106,40,15,10,5,31,0,0,0,1,1,NA,12,12,6.588926315
210,865,40,114,26,12,6,8,30,1,0,0,0,2,3,8,8,6.762729645
211,1081,40,92,34,13,8,2,30,1,0,1,1,3,4,12,10,6.985641956
212,1304,45,119,36,17,9,9,31,1,0,0,0,1,1,13,12,7.173191547
213,575,40,85,32,13,6,1,30,1,0,0,0,1,2,13,12,6.354370117
214,623,45,98,34,16,7,1,30,1,0,0,0,3,1,12,12,6.434546471
215,515,45,114,30,13,8,10,28,1,0,0,0,3,2,12,12,6.244166851
216,1273,55,84,42,18,14,4,37,1,0,0,1,1,1,8,12,7.149131775
217,990,40,108,42,13,13,9,33,1,0,0,0,4,1,16,16,6.897705078
218,600,40,107,32,12,16,6,33,1,0,0,0,5,6,8,4,6.396929741
219,1160,40,84,35,12,17,2,38,1,0,0,0,4,2,16,12,7.056175232
220,500,55,86,22,12,11,9,29,1,0,0,0,5,5,10,12,6.214608192
221,795,45,88,27,12,17,18,35,1,0,0,0,2,2,10,12,6.678342342
224,1250,40,117,45,16,10,7,33,1,0,0,1,1,1,12,14,7.130898952
225,1014,55,110,42,16,13,9,30,0,0,0,1,1,2,12,14,6.921658039
228,1346,40,99,33,16,9,8,30,1,0,0,1,2,NA,11,12,7.204892635
231,1250,40,117,31,14,7,1,28,1,0,0,1,1,2,12,12,7.130898952
233,1452,35,69,33,16,12,15,38,1,1,0,1,7,6,10,10,7.280697346
234,1391,50,109,38,12,14,8,32,1,1,1,1,1,2,11,9,7.237778187
235,821,45,85,39,16,8,2,32,1,0,0,1,5,6,8,8,6.710523129
236,794,40,114,36,16,9,7,29,1,0,0,1,1,2,11,9,6.677083492
238,520,50,107,30,18,6,3,29,1,0,0,0,10,1,12,14,6.253829002
239,1730,50,117,41,18,12,12,37,1,0,0,1,1,2,12,8,7.455876827
240,1924,50,112,47,18,9,10,38,1,0,0,1,6,1,16,18,7.562161446
241,1155,60,106,46,18,10,2,37,1,0,0,1,3,3,14,18,7.051855564
242,2162,40,116,38,15,9,4,31,1,0,0,1,2,1,12,17,7.678789139
246,1500,40,103,29,12,10,11,34,1,0,0,1,2,3,12,7,7.313220501
247,826,40,114,40,14,20,3,37,1,0,0,1,4,4,8,6,6.716594696
248,937,40,102,36,12,16,8,35,1,0,0,1,3,2,12,6,6.842683315
250,1031,40,112,43,14,14,12,33,0,0,0,1,6,6,14,12,6.938284397
251,1272,40,107,39,12,10,1,30,1,0,0,1,4,3,12,12,7.148345947
252,1136,50,117,36,14,16,12,34,1,0,1,1,2,3,12,12,7.035268784
254,1339,38,96,42,12,8,9,33,1,0,0,1,0,1,12,11,7.199678421
255,1063,40,90,38,12,14,12,32,1,1,0,1,2,2,8,12,6.968850613
256,935,44,97,27,12,10,6,29,1,0,0,1,2,2,8,7,6.840546608
257,808,40,99,40,12,18,13,38,1,1,0,1,0,1,9,8,6.694561958
258,375,40,99,29,10,12,2,30,1,0,1,0,3,2,8,5,5.926926136
262,1155,40,109,49,17,13,4,38,1,0,0,0,3,3,12,8,7.051855564
264,622,45,119,48,16,12,1,33,1,0,0,1,0,1,12,12,6.432940006
265,841,40,102,38,16,10,1,29,1,0,0,1,3,1,12,12,6.734591484
266,769,55,105,45,18,7,15,38,0,0,0,1,2,3,9,5,6.645091057
268,1924,45,112,40,16,17,18,38,1,0,0,1,1,1,12,12,7.562161446
269,1058,40,89,28,12,7,3,29,1,0,0,1,2,NA,8,6,6.964135647
270,417,48,131,39,12,7,1,28,0,0,0,1,1,2,12,6,6.0330863
271,1202,48,114,28,16,6,6,28,1,0,0,1,3,3,16,16,7.091742039
272,1154,40,98,35,14,18,2,37,1,0,0,1,1,NA,10,14,7.050989628
274,1202,40,125,30,14,10,11,29,1,0,0,1,2,3,12,12,7.091742039
275,711,45,100,38,18,13,3,36,1,0,0,1,1,NA,10,16,6.566672325
276,1202,40,84,21,14,6,5,31,1,1,0,1,2,1,11,9,7.091742039
277,850,43,113,26,12,7,3,28,1,0,0,1,1,2,8,12,6.745236397
278,1000,40,102,46,16,13,11,35,1,0,0,1,6,2,10,12,6.907755375
279,490,49,82,33,18,7,8,31,0,0,0,1,2,NA,12,9,6.194405556
280,1000,40,112,47,14,15,4,35,1,0,0,1,4,1,12,10,6.907755375
281,865,40,111,38,16,11,4,31,1,0,1,1,4,5,8,5,6.762729645
282,1375,40,96,24,13,3,3,30,1,0,0,1,3,1,11,8,7.226209164
283,1586,40,127,48,16,16,12,37,1,0,0,1,4,4,16,16,7.368970394
286,898,40,101,41,16,7,9,35,0,0,0,1,3,4,16,14,6.800169945
287,906,40,120,40,14,16,2,37,1,0,0,1,5,1,12,12,6.809039116
288,952,40,99,34,13,10,10,31,1,1,0,1,1,1,8,10,6.858564854
289,571,40,78,33,13,10,1,29,0,1,0,1,5,5,8,9,6.347389221
290,445,45,110,23,12,15,13,32,0,0,0,1,2,2,5,11,6.098074436
291,289,40,94,35,12,9,0,30,1,0,0,1,2,3,5,11,5.666426659
292,1444,40,120,50,16,12,15,37,1,0,0,1,1,2,17,13,7.275172234
293,962,55,108,45,12,19,21,36,1,0,0,1,3,1,8,8,6.869014263
294,1075,40,103,31,12,17,10,33,1,0,0,1,13,3,11,11,6.980075836
296,1250,40,106,36,12,14,19,35,1,0,0,1,4,1,11,13,7.130898952
299,800,40,88,29,10,21,14,37,1,1,0,1,8,1,11,8,6.684611797
300,1050,40,119,37,16,7,18,37,0,0,0,1,2,2,12,13,6.956545353
302,654,50,121,49,17,12,13,34,1,0,0,1,1,2,11,12,6.483107567
303,781,50,112,33,12,8,10,30,1,0,0,1,2,2,12,8,6.660574913
304,1038,48,103,36,15,8,2,36,1,0,1,0,2,1,12,15,6.945051193
305,1924,50,99,48,16,16,14,37,1,0,0,1,0,1,16,18,7.562161446
306,1202,40,101,40,15,15,17,37,1,0,0,1,3,2,12,12,7.091742039
308,905,45,109,41,14,11,14,36,1,0,0,1,3,4,8,8,6.807934761
309,890,70,73,46,12,6,8,31,1,0,0,1,3,1,12,12,6.791221619
310,817,40,116,27,16,10,7,31,1,0,1,0,1,2,16,16,6.705638885
311,812,40,98,42,12,10,2,29,0,0,0,1,3,2,12,12,6.699500561
312,577,60,104,43,14,6,2,30,1,0,1,1,2,3,14,12,6.357842445
313,756,40,78,29,14,9,2,31,1,0,0,1,2,2,12,12,6.628041267
315,1155,45,85,39,12,14,1,34,1,0,0,1,2,1,12,12,7.051855564
316,1025,40,104,25,12,12,7,29,1,0,0,1,3,4,12,10,6.93244791
318,1001,40,109,48,12,20,22,37,1,0,0,1,1,1,8,10,6.908754826
320,1230,50,96,33,13,11,12,30,1,0,0,1,3,2,10,11,7.114769459
322,714,40,90,32,12,17,1,37,1,0,0,0,5,3,12,12,6.570882797
324,2067,40,106,41,16,12,13,33,1,0,1,1,2,1,14,12,7.633853436
325,912,40,96,32,16,11,5,30,1,0,0,1,2,2,14,12,6.815639973
326,600,40,114,39,12,8,5,30,1,0,1,1,6,3,8,8,6.396929741
328,711,45,110,38,16,8,5,32,1,0,1,1,3,2,13,12,6.566672325
329,1151,48,87,41,12,18,9,38,1,0,0,1,2,1,12,12,7.048386574
330,1000,40,89,31,12,9,5,28,1,0,0,1,2,3,13,12,6.907755375
332,400,70,100,43,12,12,3,32,1,0,0,1,3,2,5,8,5.991464615
333,1175,45,111,38,12,17,14,34,1,0,0,1,0,1,16,4,7.069023609
334,1202,40,100,40,12,18,2,37,1,0,0,1,0,1,12,12,7.091742039
335,1442,40,114,38,12,16,17,33,1,0,0,1,2,3,12,10,7.273786545
337,781,40,89,24,11,13,10,30,1,0,0,1,3,1,9,8,6.660574913
338,750,60,74,23,10,13,9,30,1,0,0,1,4,2,11,9,6.620073318
339,841,48,110,37,18,13,1,37,0,1,0,1,1,1,12,12,6.734591484
340,700,50,130,29,13,14,1,38,1,0,0,1,1,2,11,14,6.551080227
341,1346,50,108,51,16,9,4,36,1,0,0,1,1,2,12,10,7.204892635
342,800,45,98,31,12,16,12,33,1,0,0,0,3,4,10,8,6.684611797
344,1105,40,104,29,16,5,8,29,1,0,0,1,3,1,12,12,7.007600784
345,475,52,98,33,14,12,1,30,0,0,0,1,6,1,8,10,6.163314819
346,762,58,104,37,15,6,4,33,1,0,0,0,2,1,11,12,6.635946751
347,962,40,120,33,12,18,19,36,1,0,0,1,3,NA,8,8,6.869014263
348,721,40,134,38,13,9,9,30,0,0,1,1,3,3,8,8,6.580639362
349,800,50,92,28,9,18,13,34,1,0,0,1,0,1,8,8,6.684611797
350,658,40,129,34,16,11,9,30,1,0,0,1,2,1,13,16,6.489204884
351,1270,40,118,42,14,4,16,36,1,0,0,1,2,1,12,12,7.146772385
353,824,42,92,37,12,19,15,38,1,0,0,1,1,1,12,11,6.714170456
354,1442,40,118,33,16,6,7,29,1,0,0,1,2,1,16,12,7.273786545
355,1400,42,108,38,17,7,3,31,1,0,0,1,2,1,12,14,7.244227409
356,1038,50,119,42,12,20,5,36,1,0,0,0,3,3,12,8,6.945051193
357,668,43,109,29,12,11,12,29,1,0,0,0,2,3,8,7,6.504288197
358,1100,40,91,41,12,18,10,36,1,0,0,0,2,3,8,8,7.003065586
359,1000,45,118,38,14,9,7,30,1,0,0,1,3,1,12,10,6.907755375
361,1111,40,103,33,14,13,13,31,1,0,0,0,6,3,14,12,7.013015747
362,962,40,120,25,16,6,4,28,1,0,0,0,4,3,12,8,6.869014263
363,729,47,122,40,18,6,13,34,1,0,0,1,3,3,8,6,6.591673851
365,1010,50,104,37,11,15,7,38,1,0,0,0,6,1,9,6,6.917705536
366,600,40,96,22,11,7,2,29,1,0,1,1,4,3,8,8,6.396929741
367,596,40,83,36,12,16,17,34,1,0,0,0,3,3,8,8,6.390240669
369,670,40,88,27,12,9,2,29,1,0,0,1,7,3,10,8,6.507277489
370,793,40,96,43,12,17,18,36,1,0,0,0,4,5,8,8,6.675823212
371,1442,40,123,42,17,14,7,38,1,0,1,0,2,3,12,6,7.273786545
372,670,50,108,43,12,14,8,34,1,0,1,1,5,1,11,7,6.507277489
373,876,45,116,35,16,10,8,29,1,0,0,1,2,1,12,12,6.775366306
374,841,40,109,45,18,13,2,36,1,0,0,0,3,4,16,12,6.734591484
375,975,40,97,39,13,8,0,31,1,0,0,1,3,1,12,12,6.882437706
376,1223,40,107,34,12,7,3,28,1,0,0,0,1,1,12,10,7.109062195
377,910,30,95,27,12,16,5,35,1,0,1,1,2,3,12,14,6.813444614
378,533,45,109,31,15,8,2,30,1,0,0,1,2,2,15,12,6.278521538
379,750,40,104,36,12,15,11,33,1,0,0,0,0,1,12,12,6.620073318
380,1206,40,110,37,12,16,4,38,1,0,0,1,1,1,12,12,7.095064163
381,745,40,94,40,13,17,1,36,0,0,0,0,2,3,13,8,6.613384247
382,900,40,103,38,12,15,1,37,1,0,1,0,3,3,8,6,6.802394867
383,1170,47,123,45,14,9,14,32,1,0,0,1,3,4,8,12,7.064759254
384,540,50,113,33,12,12,3,31,1,0,0,0,5,4,6,12,6.291569233
386,615,40,100,31,14,9,4,30,1,0,0,0,3,3,12,12,6.421622276
387,909,40,95,39,13,6,2,31,1,0,0,1,2,1,12,12,6.812345028
388,769,40,100,34,12,18,12,36,1,0,0,0,1,2,8,8,6.645091057
389,984,40,108,39,13,17,18,37,1,0,0,1,4,1,15,8,6.891625881
391,879,70,90,43,12,17,10,35,0,0,0,1,1,2,12,16,6.778784752
392,1027,45,115,41,12,16,7,35,1,0,0,1,4,3,8,5,6.934397221
394,465,43,84,33,13,10,1,29,1,0,0,1,3,3,11,11,6.142037392
396,641,45,125,44,14,9,0,37,1,0,0,1,1,1,12,11,6.463029385
397,1035,48,107,42,12,21,14,38,1,0,0,1,1,2,11,8,6.942156792
398,1212,40,129,33,14,9,3,32,0,0,0,1,6,7,8,9,7.100027084
399,950,40,98,40,12,11,6,30,1,0,0,1,3,4,12,12,6.856462002
401,1250,40,114,37,16,8,8,30,1,0,0,1,5,3,2,8,7.130898952
402,586,60,111,37,18,6,10,34,1,0,0,0,3,1,12,11,6.373319626
403,693,53,101,29,12,7,6,28,1,0,0,0,1,2,12,12,6.54102993
404,562,40,99,25,12,18,12,34,0,0,0,0,1,1,12,12,6.331501961
405,375,60,75,24,12,12,5,30,0,0,0,0,4,1,12,8,5.926926136
407,654,50,113,38,17,1,13,33,1,0,0,0,1,1,12,10,6.483107567
409,1111,40,98,32,14,10,1,29,1,0,0,1,3,1,12,15,7.013015747
410,1368,45,107,31,16,11,1,33,1,0,1,1,2,2,16,16,7.221105099
411,1282,45,121,39,18,7,13,32,1,0,0,1,2,2,12,12,7.156176567
413,1346,40,134,42,15,15,7,35,1,0,0,1,2,1,12,10,7.204892635
415,854,48,120,38,16,8,5,29,0,0,0,1,2,3,12,16,6.749931335
416,888,50,105,36,15,9,5,32,0,0,0,1,2,2,12,10,6.788971901
418,583,58,113,29,16,9,0,30,1,0,0,1,2,2,12,9,6.368186951
419,1260,45,106,37,12,5,3,29,1,0,0,1,2,1,12,13,7.138866901
420,947,48,104,41,18,8,13,35,1,0,0,0,3,2,9,12,6.853299141
421,1850,40,80,23,11,14,15,33,1,0,0,1,3,NA,10,10,7.522941113
422,1575,40,117,28,12,13,2,30,1,0,0,1,3,3,10,10,7.362010479
423,758,38,126,42,16,10,8,28,0,0,0,1,2,2,12,12,6.630683422
424,1442,40,112,42,12,19,15,36,1,0,0,1,3,2,10,8,7.273786545
426,1126,40,116,33,12,5,0,31,1,1,0,1,9,5,9,10,7.026426792
427,1000,40,70,18,12,12,5,32,0,1,0,1,6,NA,8,8,6.907755375
428,500,70,83,20,12,13,11,32,1,0,0,1,5,1,6,6,6.214608192
429,1200,50,84,13,12,13,9,32,1,0,0,1,5,2,6,6,7.090076923
431,1920,40,109,32,12,13,2,31,1,0,0,0,0,1,12,8,7.560080528
432,684,45,111,25,14,7,7,29,1,0,0,1,4,1,12,12,6.527957916
433,774,40,94,33,12,20,4,37,1,0,0,0,1,1,12,7,6.651571751
434,233,60,96,32,16,7,4,30,1,0,0,0,3,NA,12,8,5.451038361
435,975,40,101,33,13,12,10,30,1,0,0,0,3,3,12,13,6.882437706
436,1366,40,90,35,12,13,1,30,1,0,0,1,3,3,12,12,7.219642162
437,2137,40,120,48,16,16,3,37,1,0,1,1,3,3,12,12,7.667158127
438,700,40,120,38,16,10,1,29,1,0,1,1,1,1,12,12,6.551080227
440,1161,40,99,43,13,16,18,36,1,0,0,1,0,1,12,8,7.057036877
441,729,60,80,31,11,16,15,34,1,0,0,1,6,1,12,6,6.591673851
442,750,45,93,45,11,17,2,36,1,0,0,1,1,2,10,5,6.620073318
444,1111,45,118,43,15,11,3,32,1,0,0,1,3,1,11,10,7.013015747
446,1200,42,119,28,16,11,5,30,1,0,0,1,5,1,10,11,7.090076923
447,1541,40,94,39,12,8,1,32,1,0,0,1,8,3,12,11,7.340187073
448,1154,40,109,42,16,12,9,34,1,0,0,1,0,1,13,16,7.050989628
449,310,40,104,37,13,10,0,33,0,0,0,0,2,1,14,8,5.736572266
450,610,50,89,21,12,14,4,30,1,0,0,0,1,2,7,6,6.413458824
451,1749,43,101,28,12,16,17,36,1,0,0,0,2,2,12,8,7.466799259
452,1000,40,96,34,16,9,1,31,0,0,1,1,4,2,12,7,6.907755375
453,350,40,109,48,12,14,1,36,1,0,0,0,1,1,9,7,5.857933044
454,765,45,94,38,12,17,18,37,1,0,0,0,10,6,4,6,6.639875889
455,790,40,115,34,12,15,2,34,1,0,0,0,6,5,6,5,6.672032833
456,818,47,92,41,12,16,17,38,1,0,0,0,12,1,8,4,6.70686245
457,477,60,71,32,9,12,1,30,1,0,0,0,4,2,11,5,6.167516708
458,938,50,130,39,14,15,1,33,1,0,0,0,3,1,12,11,6.84375
459,2099,55,119,38,16,10,4,32,1,0,0,1,0,1,12,12,7.649216175
460,350,40,74,24,12,14,3,32,1,0,0,1,4,2,10,13,5.857933044
461,940,48,104,25,12,13,0,32,1,1,0,1,7,2,12,8,6.845880032
464,1058,40,120,44,16,16,13,37,1,0,0,0,5,4,12,4,6.964135647
465,1000,40,96,40,11,15,15,37,1,0,0,1,5,5,8,9,6.907755375
466,318,40,67,35,12,16,5,36,1,1,1,1,6,NA,7,5,5.762051582
467,556,40,69,26,11,13,9,34,0,1,0,1,3,NA,8,8,6.320768356
468,958,60,98,42,12,11,9,28,1,0,0,1,0,1,12,11,6.86484766
469,995,40,92,23,9,22,13,38,1,1,0,1,7,3,7,4,6.902742863
470,1600,50,109,44,14,16,5,33,1,0,0,0,2,NA,9,10,7.37775898
471,606,45,100,39,18,6,5,30,0,0,0,0,1,NA,12,12,6.406879902
472,511,45,101,25,12,13,1,30,1,0,0,1,4,2,11,12,6.23636961
473,1411,45,111,40,16,11,12,32,1,0,1,1,1,1,12,9,7.252053738
474,1346,40,106,38,16,15,11,37,1,0,0,1,1,1,8,14,7.204892635
475,1522,46,102,37,12,15,16,37,1,0,0,0,3,2,12,10,7.327780724
476,1075,40,115,28,14,9,10,30,1,0,0,0,2,1,12,10,6.980075836
477,1200,50,99,37,12,11,11,28,1,0,0,1,5,4,10,8,7.090076923
478,1377,37,118,48,16,15,1,36,1,0,0,1,2,2,11,10,7.227662563
479,874,55,132,37,13,8,2,33,1,0,0,0,2,1,13,16,6.773080349
480,625,40,108,26,13,11,9,30,1,0,0,1,3,NA,12,16,6.43775177
481,1250,32,98,40,12,17,2,33,1,0,0,1,0,1,14,10,7.130898952
482,1082,40,111,44,13,20,12,36,1,0,0,1,4,2,8,11,6.986566544
483,693,40,79,36,11,18,3,38,1,0,0,0,3,2,8,8,6.54102993
484,727,55,97,29,12,11,11,31,1,0,0,0,3,1,12,11,6.588926315
485,615,50,99,49,15,16,15,38,1,0,0,0,2,3,12,14,6.421622276
487,884,46,120,45,17,4,10,36,1,0,0,0,2,1,12,18,6.784457207
488,698,43,97,33,12,10,4,29,1,0,0,1,2,3,8,8,6.548219204
489,800,55,106,34,12,17,18,36,1,0,0,0,3,3,8,12,6.684611797
490,812,40,131,44,16,9,3,30,0,0,0,0,1,1,12,12,6.699500561
491,1000,40,93,32,11,16,14,34,1,0,0,1,1,NA,12,8,6.907755375
492,549,49,79,23,12,11,3,32,0,0,0,0,4,2,8,8,6.308098316
494,923,50,107,30,16,9,8,33,1,0,0,1,6,4,9,8,6.827629089
496,721,40,105,22,12,11,9,30,1,0,0,0,3,2,12,10,6.580639362
497,815,40,114,25,12,15,14,31,1,0,0,0,2,1,12,10,6.703187943
499,1100,40,104,41,12,18,7,37,1,0,0,1,2,3,11,13,7.003065586
500,1058,40,85,48,12,18,19,35,1,0,0,1,2,1,9,12,6.964135647
501,962,40,93,46,12,15,1,30,1,0,0,1,2,2,9,12,6.869014263
502,433,50,100,40,12,5,9,37,1,0,0,0,2,2,8,7,6.070737839
504,1417,38,88,36,16,9,10,32,0,0,0,1,2,1,12,12,7.256297112
505,1000,65,93,32,12,11,9,29,1,0,0,1,7,1,12,8,6.907755375
506,500,40,98,26,13,14,5,32,1,0,0,0,3,4,12,8,6.214608192
507,800,50,110,35,14,8,5,28,1,0,0,1,3,4,12,10,6.684611797
509,750,43,94,38,14,12,10,33,1,0,0,0,1,1,11,12,6.620073318
510,550,40,77,36,12,15,2,37,1,0,0,0,6,3,8,8,6.309918404
512,723,40,102,44,12,12,10,30,1,0,0,1,10,6,12,6,6.583409309
513,1039,40,113,49,14,12,8,34,1,0,0,1,1,2,16,14,6.946013927
514,200,55,103,38,10,11,15,32,1,0,1,1,3,2,12,5,5.298317432
516,575,40,96,31,11,17,1,35,1,0,1,1,2,1,12,7,6.354370117
517,850,40,97,35,11,16,5,37,1,0,1,1,1,1,12,6,6.745236397
521,1270,40,104,34,16,8,4,31,1,0,1,1,3,4,16,17,7.146772385
522,350,45,116,36,16,5,3,33,1,0,1,1,2,2,11,12,5.857933044
524,1463,45,104,47,15,14,11,37,1,0,1,1,3,4,12,12,7.288244247
525,802,40,99,26,12,13,12,29,1,1,1,1,8,6,9,12,6.687108517
526,642,45,93,18,12,12,7,30,1,1,1,1,1,2,6,6,6.464588165
527,751,40,114,37,13,9,2,28,1,0,1,1,2,2,12,10,6.621405602
528,488,40,103,40,17,5,3,31,1,0,1,1,1,NA,12,16,6.190315247
529,1400,40,92,34,12,15,5,36,1,0,1,1,2,1,6,2,7.244227409
530,940,45,98,41,18,10,7,31,1,0,1,1,2,2,8,12,6.845880032
532,675,40,77,42,12,20,4,38,1,1,1,1,5,2,12,6,6.514712811
535,346,40,110,37,12,16,17,38,1,0,1,1,2,NA,12,5,5.846438885
536,1442,40,132,39,17,8,1,33,1,0,1,1,3,1,8,12,7.273786545
537,560,49,112,37,16,13,2,32,1,0,1,0,3,1,8,2,6.327936649
538,550,56,99,42,12,17,11,36,1,0,1,1,1,2,12,12,6.309918404
540,684,45,106,45,13,16,2,38,1,0,1,1,1,1,12,14,6.527957916
543,417,40,80,30,12,8,0,30,0,0,1,1,3,4,8,7,6.0330863
544,472,45,71,24,11,9,0,32,1,0,1,1,13,6,6,6,6.156979084
546,1679,55,127,45,18,10,3,32,1,0,1,1,1,2,12,16,7.425953865
547,1039,40,114,43,16,1,9,31,0,0,1,1,6,5,8,8,6.946013927
549,760,40,88,34,12,12,15,31,1,0,1,1,2,1,12,7,6.633318424
550,1154,42,88,32,12,14,12,29,1,0,1,1,2,2,12,7,7.050989628
551,1602,60,110,45,15,14,1,37,1,0,0,1,5,1,14,12,7.379008293
552,1442,40,110,40,13,13,13,29,1,1,1,1,1,2,7,9,7.273786545
553,865,40,130,39,16,5,3,30,1,0,0,1,4,2,8,12,6.762729645
557,770,40,80,25,12,16,14,35,1,0,0,1,1,2,12,12,6.646390438
558,1000,40,72,20,12,16,9,34,1,0,0,1,3,4,12,12,6.907755375
559,1329,55,115,56,18,10,5,36,1,0,0,1,1,1,12,12,7.192182064
560,1682,40,115,48,16,10,4,37,1,0,1,1,1,2,12,17,7.427738667
561,577,55,108,47,16,4,0,31,1,1,1,1,2,2,8,8,6.357842445
562,685,40,93,27,12,17,7,38,0,0,1,1,6,6,8,3,6.529418945
563,577,40,111,37,16,8,8,29,0,1,1,1,1,1,18,18,6.357842445
564,1040,40,101,38,12,19,9,38,1,1,1,1,6,1,11,12,6.946976185
565,1250,40,92,42,16,10,11,32,0,0,1,1,1,1,12,10,7.130898952
567,480,40,76,29,12,17,3,35,0,1,1,1,8,5,11,10,6.173786163
568,1000,40,93,26,11,11,0,29,1,0,1,1,5,3,12,12,6.907755375
569,988,48,91,39,12,15,15,36,1,0,1,1,1,2,8,8,6.895682812
570,478,45,90,35,10,19,10,34,1,0,1,1,2,1,9,9,6.1696105
571,440,40,84,23,12,11,2,30,1,1,1,1,5,3,9,4,6.086774826
574,1550,40,104,47,12,16,1,34,1,0,1,0,8,4,9,10,7.346010208
575,960,40,107,23,12,11,9,29,1,1,1,1,11,2,6,9,6.866933346
576,1000,40,100,42,12,16,14,32,1,0,1,1,2,3,12,12,6.907755375
577,625,40,129,40,18,4,5,36,1,0,1,0,3,1,15,15,6.43775177
578,1346,40,112,39,16,14,14,35,1,0,0,1,0,1,12,16,7.204892635
581,1201,50,98,38,11,17,16,36,1,0,1,0,4,5,11,2,7.090909958
583,1122,35,132,45,18,13,8,32,1,0,1,1,2,3,12,7,7.022868156
586,507,55,110,36,14,10,4,32,1,0,1,1,2,2,13,16,6.228510857
589,462,55,61,24,12,6,4,29,1,1,1,0,9,NA,8,3,6.135564804
592,1634,40,94,39,13,18,18,36,1,0,1,1,2,2,8,8,7.398786068
593,1282,45,97,48,16,4,1,32,1,0,0,1,11,3,16,16,7.156176567
594,556,40,127,44,16,6,2,31,1,1,1,1,2,1,12,12,6.320768356
595,1200,40,109,42,15,7,8,33,1,0,0,1,2,1,11,12,7.090076923
596,855,45,89,21,12,6,6,31,1,0,1,0,4,3,3,3,6.751101494
597,1053,40,90,33,12,18,7,37,1,0,1,0,1,1,11,11,6.959398746
598,1000,48,105,39,12,11,4,28,1,0,1,0,0,1,12,7,6.907755375
600,1602,45,111,40,16,10,10,31,1,0,1,0,1,NA,16,12,7.379008293
601,508,50,125,44,17,9,2,31,1,0,1,1,3,1,16,13,6.230481625
602,1500,60,124,20,16,6,6,29,1,0,1,0,2,NA,12,10,7.313220501
603,1682,50,107,41,14,15,9,32,1,0,1,1,0,1,12,12,7.427738667
604,750,40,110,45,13,13,1,35,1,0,1,1,2,NA,12,16,6.620073318
605,843,40,102,32,14,8,7,29,1,0,1,0,1,1,16,16,6.736967087
608,650,40,99,36,12,13,10,30,1,0,1,0,1,2,12,10,6.47697258
610,2137,45,102,35,13,8,2,30,1,0,1,0,0,1,12,12,7.667158127
611,761,48,95,44,12,14,21,38,1,0,1,1,1,1,12,5,6.634633541
612,769,40,98,37,16,8,3,35,0,0,1,1,0,1,11,8,6.645091057
616,2500,60,82,41,12,21,1,38,1,0,1,0,3,3,8,5,7.824046135
618,1212,40,95,36,12,6,16,38,1,0,1,0,3,1,12,8,7.100027084
619,577,40,92,33,15,8,1,28,1,1,1,1,1,2,10,7,6.357842445
620,390,59,74,26,15,10,3,30,1,1,1,1,3,3,7,6,5.966146946
621,1500,40,123,43,16,9,12,32,1,0,1,1,1,1,12,14,7.313220501
622,583,80,86,24,12,9,1,30,1,0,1,1,2,2,12,12,6.368186951
625,1442,60,117,39,16,9,3,31,1,0,1,1,1,2,12,10,7.273786545
626,1333,45,112,50,16,14,8,38,1,0,1,1,1,2,12,4,7.195187092
627,1500,37,119,41,15,8,5,33,0,0,0,1,1,1,12,18,7.313220501
630,973,36,81,33,13,11,5,32,1,0,1,1,0,1,6,9,6.880383968
631,2162,40,124,48,18,10,8,32,1,0,1,1,1,1,10,10,7.678789139
632,797,41,89,38,12,10,7,36,1,0,1,0,1,2,7,8,6.680854797
633,400,40,88,34,12,14,1,32,1,1,1,1,7,7,7,6,5.991464615
634,1015,40,67,31,12,15,11,32,1,1,0,1,3,2,9,5,6.922643661
635,1744,43,106,41,16,8,9,29,1,0,1,1,1,1,12,16,7.463936806
636,630,40,103,30,15,14,2,32,1,0,1,0,0,1,11,5,6.445719719
637,445,40,91,40,12,11,4,32,1,0,1,0,0,1,6,8,6.098074436
638,660,42,101,34,16,12,9,31,1,0,1,1,0,1,12,12,6.492239952
640,377,40,83,32,12,9,1,36,0,0,1,1,1,1,12,12,5.932245255
642,1122,60,102,54,17,7,13,32,1,0,1,1,2,2,12,11,7.022868156
643,453,50,94,34,12,9,2,30,1,0,1,0,6,4,7,7,6.115891933
644,1386,40,97,38,10,17,9,37,1,0,1,1,1,2,12,8,7.234177113
645,1539,40,115,38,17,7,9,31,1,0,1,1,2,1,12,16,7.338888168
646,1154,40,117,38,16,11,12,35,1,0,1,1,5,5,17,18,7.050989628
647,962,50,105,45,14,15,2,37,1,0,1,1,3,4,8,4,6.869014263
649,480,40,83,37,12,9,3,37,1,0,1,1,4,3,10,11,6.173786163
650,808,50,101,44,18,8,9,38,1,0,1,0,3,2,17,12,6.694561958
651,1442,40,113,36,13,14,8,36,1,0,1,1,2,1,12,12,7.273786545
655,1026,45,113,27,16,9,13,30,1,0,1,1,2,2,16,14,6.933423042
656,577,40,106,43,17,11,7,33,0,1,1,1,3,2,13,16,6.357842445
657,1333,60,106,38,15,5,1,30,1,0,1,1,2,2,12,12,7.195187092
659,1105,40,119,32,16,9,10,30,0,0,1,1,5,1,11,10,7.007600784
660,910,40,82,26,14,5,5,30,1,1,1,1,10,NA,9,3,6.813444614
661,1000,40,89,40,12,17,8,38,1,0,1,1,7,7,1,4,6.907755375
662,1160,40,74,18,12,14,1,33,1,1,1,1,9,6,3,4,7.056175232
663,1001,34,77,22,12,12,3,29,1,1,1,1,9,8,3,4,6.908754826
665,929,40,97,28,13,12,5,30,1,0,1,1,2,1,12,12,6.834108829
666,400,50,68,35,12,4,9,31,1,1,1,1,6,1,6,2,5.991464615
667,1241,40,83,51,13,9,10,33,1,0,1,1,2,3,12,12,7.123672962
669,403,45,98,37,12,5,3,30,1,0,1,1,2,NA,12,12,5.998936653
671,812,40,81,20,10,17,13,34,1,1,1,1,2,2,8,3,6.699500561
672,700,20,85,27,10,13,0,35,1,1,1,1,3,NA,6,10,6.551080227
674,450,40,79,23,10,20,5,36,1,1,1,1,7,6,12,12,6.109247684
675,621,43,84,24,12,14,10,31,1,0,1,0,4,3,8,6,6.431331158
676,441,38,74,24,12,12,11,30,1,0,1,0,4,4,8,6,6.089045048
680,1000,44,113,41,17,8,2,34,1,0,1,1,4,1,17,18,6.907755375
681,393,48,92,37,12,15,16,38,1,0,1,1,1,1,8,7,5.973809719
682,600,40,127,44,12,8,3,28,0,0,1,0,2,2,9,12,6.396929741
684,962,40,97,42,12,15,4,34,1,0,1,0,5,1,10,8,6.869014263
685,865,40,66,30,11,10,7,30,1,0,0,1,14,4,0,10,6.762729645
686,1154,50,109,46,16,10,3,35,1,0,1,1,2,1,16,14,7.050989628
687,1386,42,109,43,16,10,11,34,1,0,1,0,1,1,4,14,7.234177113
689,865,40,85,44,13,4,9,34,1,0,1,1,3,3,8,8,6.762729645
690,700,40,81,26,12,13,13,31,1,0,1,0,5,6,8,4,6.551080227
691,975,40,87,12,9,20,10,37,1,0,1,0,3,NA,5,4,6.882437706
692,1300,40,78,40,13,12,3,33,1,0,1,1,2,3,12,12,7.170119762
693,900,40,54,37,14,12,3,31,1,0,1,1,2,1,12,12,6.802394867
694,829,40,98,33,12,15,15,36,1,0,0,1,4,5,8,8,6.720220089
696,827,40,105,29,16,7,8,30,1,0,0,1,2,1,16,12,6.717804909
698,1155,40,117,25,13,9,1,28,1,0,0,1,3,2,12,12,7.051855564
699,950,55,85,30,15,8,3,29,0,0,0,1,2,NA,12,12,6.856462002
702,533,30,65,21,12,5,1,32,0,1,0,1,5,1,11,12,6.278521538
703,2004,48,105,48,18,10,0,34,1,0,0,1,2,1,12,12,7.602900505
704,890,60,92,20,14,9,8,32,1,0,0,1,1,2,7,7,6.791221619
705,3078,30,107,23,13,11,4,29,1,0,0,1,2,2,12,12,8.032034874
706,1539,40,111,41,17,10,13,37,1,0,0,1,3,2,12,16,7.338888168
708,1354,40,119,49,17,13,9,35,0,0,0,0,2,1,16,16,7.210818291
709,1143,35,97,40,12,21,8,38,1,0,0,1,5,1,12,12,7.041411877
710,962,40,110,34,12,16,8,33,1,0,0,1,2,1,10,10,6.869014263
711,1250,44,96,32,12,19,20,38,1,0,0,1,2,1,12,12,7.130898952
712,990,40,67,23,12,16,3,34,1,1,0,1,2,1,8,8,6.897705078
713,905,40,102,31,12,17,4,37,1,0,0,0,5,5,12,12,6.807934761
714,926,55,64,22,12,18,0,38,1,0,0,1,4,5,0,2,6.830874443
715,1559,40,103,32,12,17,10,34,1,0,0,1,3,4,8,8,7.351799965
716,1312,40,118,39,10,14,4,32,1,0,0,1,0,1,12,8,7.179307938
718,879,40,118,41,18,1,9,31,1,0,0,1,1,2,13,13,6.778784752
719,800,25,75,37,13,14,1,38,1,0,1,1,0,1,12,10,6.684611797
720,1049,50,112,45,14,6,10,32,1,0,0,0,3,3,12,10,6.955592632
721,550,40,95,20,12,4,1,30,0,0,0,0,3,4,12,10,6.309918404
722,1190,40,119,38,17,4,2,34,1,0,0,1,0,1,12,14,7.081708431
723,583,48,94,35,14,10,6,37,1,0,0,0,2,1,12,12,6.368186951
724,1200,40,103,27,14,5,2,30,1,0,0,1,1,1,6,7,7.090076923
725,797,55,90,36,16,11,5,33,1,0,0,1,5,2,14,17,6.680854797
726,1371,40,128,50,18,8,13,36,1,0,0,0,1,2,16,12,7.223295689
727,360,55,110,44,13,11,1,38,0,1,0,1,4,NA,12,8,5.886104107
728,1270,40,84,40,12,11,12,30,1,0,0,1,2,2,12,12,7.146772385
729,1832,40,97,38,12,16,1,36,1,0,0,1,1,2,8,12,7.513163567
730,909,40,102,34,12,14,5,33,1,0,0,1,3,3,12,7,6.812345028
731,1746,40,131,41,18,9,10,33,1,0,0,1,7,3,12,12,7.465082645
732,520,40,126,23,16,8,1,30,1,0,0,1,7,5,12,12,6.253829002
733,808,40,107,32,16,6,7,29,1,0,0,0,7,6,12,12,6.694561958
735,692,50,92,49,15,9,3,38,1,1,0,1,0,1,8,8,6.539586067
736,931,80,108,40,16,4,1,36,1,0,0,1,4,2,12,12,6.836259365
737,812,45,115,46,16,11,3,34,1,0,0,1,1,2,12,8,6.699500561
738,866,40,111,44,14,16,14,35,1,0,0,1,1,1,12,12,6.763885021
739,1442,40,115,47,12,14,9,36,1,0,0,1,7,5,12,12,7.273786545
740,500,40,101,31,14,12,0,32,1,0,0,0,2,2,11,6,6.214608192
741,1384,50,114,48,18,12,2,37,1,0,0,1,1,1,12,13,7.23273325
742,528,55,116,40,18,5,9,30,1,0,0,1,4,5,12,12,6.269096375
744,1026,45,125,33,12,11,11,28,1,0,0,1,3,1,14,17,6.933423042
745,1212,40,98,26,12,11,12,28,0,0,0,1,4,NA,12,10,7.100027084
748,1602,60,124,36,16,12,2,37,1,0,0,1,1,2,12,12,7.379008293
749,1000,40,121,35,13,6,1,33,1,0,0,1,2,2,8,14,6.907755375
751,1699,40,96,19,12,10,1,29,0,0,1,1,2,3,12,12,7.437795162
752,1699,40,100,40,12,11,9,33,1,0,0,1,1,2,12,8,7.437795162
754,1107,40,112,38,12,12,5,38,1,0,0,1,5,3,11,12,7.009408951
755,625,40,73,24,11,1,1,31,1,0,0,1,3,4,12,12,6.43775177
756,720,50,101,39,13,1,7,29,1,0,0,1,4,2,11,11,6.579251289
757,855,40,99,44,12,19,10,36,1,0,0,1,1,2,12,12,6.751101494
758,1250,40,95,23,12,12,2,32,1,0,0,1,2,2,12,12,7.130898952
759,1130,40,109,40,18,4,13,38,1,0,0,0,1,2,18,15,7.02997303
760,900,40,110,35,12,6,1,28,0,0,0,1,1,NA,13,13,6.802394867
762,962,40,112,46,15,8,2,37,1,0,0,1,2,1,12,16,6.869014263
764,1573,55,90,28,12,5,3,30,1,0,0,1,4,3,11,8,7.360739708
765,940,45,102,46,14,11,7,36,1,0,0,1,1,2,12,10,6.845880032
766,900,40,119,39,16,8,9,30,1,0,0,0,1,2,12,12,6.802394867
767,882,44,96,34,12,15,13,31,1,0,0,0,6,3,8,10,6.78219223
768,1710,45,118,40,18,12,12,38,1,0,0,1,1,1,12,12,7.444248676
769,1260,45,79,39,12,19,15,37,1,0,0,0,3,2,9,8,7.138866901
770,751,40,96,42,12,9,7,38,1,0,0,0,1,1,10,8,6.621405602
771,1097,50,80,27,11,12,12,28,1,0,0,0,5,1,12,11,7.000334263
773,1154,40,116,42,15,11,12,34,0,0,0,0,2,1,12,9,7.050989628
774,1000,43,69,31,12,15,16,35,1,0,0,1,4,4,12,8,6.907755375
775,1250,40,78,36,12,16,3,33,1,0,0,1,9,NA,6,2,7.130898952
776,857,65,99,41,12,18,3,38,1,0,1,1,2,1,8,8,6.753437996
777,1211,27,92,33,12,13,3,31,1,0,0,1,3,2,16,12,7.099201679
778,937,32,113,23,16,12,7,29,1,0,0,1,3,NA,16,12,6.842683315
780,872,45,115,30,15,7,4,29,1,0,0,1,3,1,12,18,6.770789623
782,1261,40,117,41,17,1,9,35,1,0,0,1,4,1,6,8,7.139660358
783,950,40,96,38,12,14,2,35,1,0,0,1,1,1,8,2,6.856462002
784,115,50,108,46,12,9,3,29,1,0,0,1,5,6,10,11,4.744932175
785,673,40,92,34,17,6,4,31,1,0,0,1,5,5,16,12,6.511745453
786,1084,45,95,38,15,17,10,37,1,0,0,1,1,2,16,16,6.988413334
787,1058,40,94,40,14,13,14,34,1,0,0,1,0,1,15,9,6.964135647
788,800,40,115,38,12,20,12,38,1,0,0,0,7,6,7,8,6.684611797
791,855,40,109,36,12,17,15,36,1,0,0,0,3,1,7,6,6.751101494
792,864,40,87,38,12,15,6,31,1,0,0,0,1,1,12,12,6.761572838
793,1092,44,110,34,16,15,13,36,1,0,0,1,4,4,13,13,6.995766163
794,1025,40,110,30,16,9,4,30,1,0,0,0,3,NA,10,12,6.93244791
796,673,40,85,21,12,17,10,35,1,0,0,0,2,2,12,12,6.511745453
797,800,40,105,42,14,12,12,37,1,0,0,0,3,2,10,12,6.684611797
798,1049,44,122,39,16,7,3,33,1,0,0,0,3,3,10,12,6.955592632
799,884,40,108,40,17,9,11,35,1,0,0,1,3,2,14,9,6.784457207
800,800,40,122,38,16,10,2,31,0,0,1,1,3,3,12,8,6.684611797
801,1200,40,79,32,17,9,9,32,1,0,0,1,0,1,8,8,7.090076923
802,664,40,105,30,12,8,10,29,1,0,0,1,7,6,12,12,6.498281956
805,1000,40,110,42,12,6,12,37,1,0,0,1,5,2,8,12,6.907755375
806,875,40,92,32,12,8,4,29,0,0,0,1,4,NA,14,14,6.774223804
807,1202,40,131,32,16,10,2,33,1,0,0,0,3,2,12,12,7.091742039
808,666,40,104,32,12,10,2,29,1,0,0,0,2,3,12,12,6.501289845
809,923,40,110,39,16,15,11,37,1,0,0,0,2,1,12,7,6.827629089
810,788,40,99,20,12,10,10,28,1,0,1,1,4,5,10,3,6.669497967
813,866,40,85,26,12,11,12,30,1,1,1,0,8,5,6,0,6.763885021
815,680,40,86,35,12,13,9,32,0,0,1,0,6,1,6,7,6.522092819
816,693,40,68,38,12,11,19,35,1,0,1,0,5,2,12,8,6.54102993
818,2308,40,116,42,17,8,2,38,1,0,0,0,6,1,12,13,7.74413681
819,1196,45,96,45,14,10,4,32,1,0,1,0,2,3,10,6,7.08673811
820,700,38,85,36,12,13,8,32,1,1,1,1,6,NA,2,8,6.551080227
821,721,40,100,32,12,8,8,29,1,0,1,1,3,2,12,4,6.580639362
822,1500,40,101,38,13,13,2,32,1,0,1,1,5,3,12,8,7.313220501
823,1050,50,97,31,15,4,9,31,1,1,1,1,2,1,16,9,6.956545353
826,1198,32,117,39,16,7,9,30,1,0,1,1,1,2,12,12,7.088408947
827,390,55,93,38,12,4,2,32,1,0,1,1,1,NA,16,13,5.966146946
828,889,36,116,37,12,12,11,28,1,0,1,1,1,2,9,12,6.790097237
829,1076,38,106,42,12,19,20,36,1,0,1,1,1,1,12,9,6.981005669
830,1127,40,98,45,12,17,12,36,1,0,1,1,1,2,14,12,7.027314663
831,750,50,103,36,15,1,1,37,1,0,1,0,1,1,12,9,6.620073318
833,525,40,100,22,13,5,1,31,1,0,1,0,1,1,10,12,6.26339817
834,1104,54,96,39,12,11,4,29,1,0,1,0,1,2,10,12,7.006695271
835,553,40,67,22,12,11,10,30,1,1,1,0,7,2,8,9,6.315358162
836,800,43,96,27,12,10,1,29,1,0,1,0,1,1,10,10,6.684611797
837,1384,50,104,42,13,8,7,31,1,0,1,0,3,1,13,14,7.23273325
838,425,30,106,34,17,8,0,36,0,0,1,0,0,1,14,12,6.052089214
839,510,54,62,34,11,13,4,33,0,1,1,1,7,6,2,10,6.234410763
840,370,32,73,31,12,13,2,31,1,1,1,0,9,2,3,4,5.91350317
841,596,40,62,26,12,16,14,33,1,1,1,0,9,8,2,8,6.390240669
843,418,40,76,26,12,12,2,31,1,1,1,0,0,1,9,10,6.035481453
845,681,40,94,24,12,18,15,35,0,0,1,1,4,NA,9,10,6.523562431
846,950,40,81,29,11,16,5,35,1,0,1,0,3,4,10,6,6.856462002
847,600,40,87,15,10,20,7,36,1,0,1,0,0,1,5,6,6.396929741
850,550,40,95,34,12,14,13,31,1,0,1,0,0,1,5,5,6.309918404
851,606,40,86,19,11,13,11,30,1,0,1,0,4,4,3,7,6.406879902
852,425,40,86,17,10,7,1,30,1,0,1,0,4,4,3,7,6.052089214
853,340,50,104,41,14,4,1,31,1,0,1,1,5,3,8,18,5.828945637
854,692,50,95,21,12,16,9,34,1,0,1,1,2,2,7,5,6.539586067
855,575,40,116,37,12,11,9,29,1,0,1,0,1,2,8,12,6.354370117
856,571,40,66,20,9,15,10,33,1,0,1,0,5,1,8,6,6.347389221
857,817,40,101,38,16,11,9,32,1,0,1,1,1,2,0,5,6.705638885
858,987,40,96,23,12,11,5,29,1,0,1,0,1,2,12,12,6.89467001
860,1026,60,105,34,16,12,1,35,1,0,0,1,3,1,14,10,6.933423042
861,808,40,106,34,12,4,3,29,1,0,0,1,1,2,8,7,6.694561958
862,808,50,101,34,17,8,0,30,1,0,1,1,1,2,15,15,6.694561958
863,788,40,96,42,12,13,5,36,1,0,1,1,4,1,12,12,6.669497967
864,850,40,105,34,12,6,2,33,1,0,0,1,1,1,12,9,6.745236397
865,900,38,106,40,12,10,19,38,1,0,1,1,7,NA,3,2,6.802394867
866,1418,45,102,44,12,19,20,36,1,0,1,1,2,3,8,8,7.257002831
868,662,45,99,27,14,7,2,28,1,1,1,0,6,1,5,5,6.495265484
869,562,55,90,46,13,4,1,38,1,0,1,0,1,1,12,11,6.331501961
870,562,80,104,30,12,11,5,28,1,0,1,0,1,NA,12,12,6.331501961
872,1009,40,118,37,16,11,12,32,1,0,1,0,0,1,12,10,6.916715145
873,1442,40,108,40,12,17,17,36,1,0,1,1,1,1,9,12,7.273786545
874,651,40,76,30,11,11,2,29,1,1,0,1,7,7,10,11,6.478509426
878,503,40,84,14,11,11,2,30,0,1,0,1,3,NA,9,9,6.220590115
879,937,40,104,37,12,14,15,32,1,0,1,0,1,2,12,9,6.842683315
880,624,40,92,40,10,18,10,36,1,0,1,0,2,3,10,6,6.436150551
881,750,40,83,27,12,4,10,32,1,1,1,0,7,1,10,6,6.620073318
882,900,40,98,36,14,1,8,30,1,1,1,0,7,2,10,6,6.802394867
883,540,40,70,25,10,12,10,29,1,1,1,0,9,NA,10,7,6.291569233
884,642,35,87,26,13,9,3,30,1,0,1,0,10,10,4,10,6.464588165
886,900,40,80,34,10,15,14,38,1,0,1,0,3,3,12,10,6.802394867
887,513,40,104,40,16,8,10,33,1,0,1,0,5,2,12,10,6.24027586
888,894,40,104,35,18,7,10,35,1,0,1,0,7,8,9,8,6.795705795
889,1282,60,96,24,18,7,5,32,1,0,1,1,4,2,12,18,7.156176567
890,485,40,89,24,12,10,9,30,0,0,1,0,4,3,12,18,6.184148788
891,325,55,113,39,12,11,5,29,1,0,1,0,1,2,10,13,5.783825397
892,769,45,105,29,12,16,5,33,1,0,1,0,4,1,7,7,6.645091057
893,618,40,84,39,14,6,8,31,0,0,1,1,7,8,7,4,6.4264884
894,1040,48,108,36,12,16,17,35,1,0,1,1,6,7,7,3,6.946976185
895,751,40,104,32,12,15,4,34,1,0,1,1,4,3,8,3,6.621405602
896,380,50,106,28,12,15,11,30,1,0,1,0,2,1,7,7,5.940171242
898,753,46,70,34,10,21,7,38,1,0,1,1,4,2,12,7,6.624065399
899,1065,65,104,39,16,10,11,34,1,0,1,1,2,3,11,12,6.970730305
900,1070,40,91,42,12,13,1,30,1,0,0,1,1,2,14,12,6.975413799
901,1573,55,112,42,18,7,8,34,1,0,1,1,1,1,14,18,7.360739708
902,650,40,97,27,10,14,9,30,1,0,1,0,5,1,12,9,6.47697258
903,700,45,99,40,12,15,7,32,1,0,1,0,4,2,10,10,6.551080227
907,891,40,90,36,12,16,16,32,1,0,1,0,5,5,12,9,6.79234457
909,1444,40,109,33,15,11,1,29,1,0,1,1,2,1,11,9,7.275172234
911,500,44,107,40,12,21,12,38,1,0,1,0,2,NA,12,7,6.214608192
912,1473,40,110,48,16,15,15,36,1,0,1,0,1,2,12,14,7.295056343
913,803,40,120,35,13,4,1,28,1,0,1,1,3,4,10,12,6.688354492
914,962,50,97,34,16,7,2,30,1,0,1,1,0,1,12,12,6.869014263
916,600,40,114,36,16,5,4,30,1,0,1,1,2,1,12,12,6.396929741
917,450,40,95,31,11,12,2,30,1,0,1,0,2,3,8,8,6.109247684
918,629,60,93,32,12,6,1,30,1,1,1,0,8,3,10,6,6.444131374
920,1562,40,97,28,17,7,2,32,1,0,1,1,5,1,12,13,7.353722095
921,357,70,97,34,14,6,3,28,1,0,1,0,1,2,13,16,5.877735615
923,566,45,104,46,16,5,2,32,1,0,1,0,1,2,12,12,6.33859396
924,481,40,82,27,12,9,2,32,1,0,1,0,2,2,12,8,6.175867081
925,1442,40,113,45,16,8,10,35,1,0,1,1,2,2,8,8,7.273786545
926,645,45,93,39,12,11,3,35,1,0,1,0,7,7,7,8,6.469250202
929,477,45,100,33,12,9,3,31,1,0,1,0,3,3,7,7,6.167516708
930,664,60,82,30,16,10,9,34,1,1,1,1,3,4,16,16,6.498281956
932,1202,40,102,32,13,10,3,31,1,0,1,1,7,7,8,6,7.091742039
